,id,title,subreddit,text
0,cz6nfd,"New wiki on how to avoid accidentally encouraging suicide, and how to spot covert incitement",SuicideWatch,seeing worrying increase pro suicide content showing and and also going unreported undermines purpose wanted highlight and clarify guidelines direct and indirect incitement suicide created wiki covers issues hope helpful anyone wondering whether something okay and responses report explains detail validation suicidal intent even innocent message like you committed wish you peace likely increase people pain and important report even subtle pro suicide comments full text wiki current version and maintained r SuicideWatch wiki incitement http responsive empathetic non judgemental support OPs and particularly thank everyone already reporting incitement forms Please report post or comment encourages suicide or breaks guidelines sidebar moderators either clicking report button or sending us modmail https ssage compose Fr FSuicideWatch link deal guideline violations reported us soon but cannot read everything community reports essential you get PM breaks guidelines please report reddit sitewide admins http modmail Thanks great citizens community help flag problem content and behaviour us r SuicideWatch wiki incitement http important respect and understand people experiences and emotions never necessary helpful or kind support suicidal intent common misconceptions discussed suicidal people and help because well meaning people inadvertently incite suicide also people online incite suicide purpose often pretending sympathetic and helpful Validate Feelings and Experiences Not Self Destructive Intentions offer support not judgement means accepting best understanding offer whatever emotions people express Suicidal people suffering and try ease providing support and caring reliable way know de escalate someone risk give experience feeling understood means not judging whether feeling way or telling or not But important line draw crucial difference empathizing feelings and responding non judgmentally suicidal thoughts and way endorsing encouraging or validating suicidal intentions or hopeless beliefs possible and important convey understanding and compassion someone suicidal thoughts without putting finger scale decision Anything condones suicide even passively encourages suicide not supportive and not help also violates reddit sitewide rules well guidelines Explicitly inciting suicide online criminal offense jurisdictions not treat OP post meaning definitely die suicide and cannot change minds or helped Anyone able read comments still chance choose whether or not try keep living even also experiencing intense thoughts suicide made suicide plan or started carrying useful empirical model https science psa sci brief desire die suicide primarily comes two interpersonal factors alienation and sense burden or nothing offer factors usually lead profound feeling unwelcome world acceptance or reinforcement suicidal intent even something innocent like hope you find peace actually form covert shunning validates person sense unwelcome world usually add pain even kindly meant and gently worded Avoid Validating Suicidal Intent Keep following mind offering support anyone risk suicide People say not want help usually feel better get support not invalidate emotions Unfortunately many popular good responses actually counterproductive https www speakingofsuicide com not say particular many friends and family tend rely exclusively trying convince suicidal person not bad and usually experienced not understand you going and not going try People help made feel worse not want not mean someone actually knows supportive cannot give comfort people suicidal want end pain not lives almost never true death way end people suffering course exceptional situations and certainly acknowledge people right help difficult find But preventing someone suicide not mean prolonging suffering giving real comfort and understanding unfixable problem not mean good life never possible not fix or change anything help someone feel better important keep mind correlation outer circumstances and inner experience weaker and less direct commonly assumed every kind difficult life situation you find people lapse suicidal despair and others cope amazingly well and whole spectrum key difference much inner resilience person time depend many personal and situational factors But not enough interpersonal support compensate absence and help rebuild go depth gets better issue PSA Post https igd whats wrong gets better doesnt always linked sidebar community info mobile guidelines always choices brutally forcing someone stay alive or passively letting end lives avoid accidentally breaking anti incitement rule not say or try imply acting suicidal thoughts good idea or someone cannot turn back or already dead whatever you help feel cared and welcome least little corner world talking tips http redd igh offer detailed guidance Look Deliberate Incitement May Come Disguise Often comments subtly encourage suicidal intent actually come suicide fetishists and voyeurs unfortunately real and disturbing phenomenon https en wikipedia org wiki William Francis Melchert Dinkel People like and anonymous nature reddit makes us particularly attractive typically try scratch psychological itch saying things push people closer edge often exploiting myths debunked bullet points Specifically you might see people following Encouraging false belief way suicidal people end pain dying always and better choices brutally forcing someone stay alive or helping actively or passively end lives Creating artificial and toxic sense solidarity linking encouragement suicide empathy represent themselves one really understand suicidal person either directly or indirectly encouraging self loathing emotions and self destructive impulses Since people suicidal crisis desperate need empathy and understanding particularly dangerous form manipulation Many suicide inciters adept putting benevolent spin activities actually luring people away sources real help couple key points keep mind Skilled suicide intervention peer or professional based empathic responsiveness person feelings reduces suffering moment Contrary pop culture myths not involve persuasion not cheerleading You got or meaningless false promises Trust me gets better or invalidation Let me show you things not bad you think Anyone leads others expect kinds toxic responses or response prolongs pain expert help may covertly pro suicide course people sometimes bad experience seeking mental health treatment and fine vent but processing disappointment and frustration entirely different trying destroy someone else hope getting help Choices made competent responders always informed understanding breaching someone trust traumatic and must avoided possible kind involuntary intervention extremely unlikely outcome someone consults clinician or calls hotline Confidentiality addressed detail Hotlines FAQ post http redd itcntr goal always provide help client full knowledge and informed consent know no individual or system perfect Mistakes lead bad experiences sometimes happen vulnerable people and enormous sympathy But anyone suggests norm might trying scare people away help need Please let us know discreetly https ssage compose Fr FSuicideWatch you see anyone exhibiting or similar behaviours not recommend trying engage directly
1,pl9suy,Please remember that NO ACTIVISM of any kind is ever allowed here. No matter what day it is.,SuicideWatch,Activism e advocating or fundraising social change or raising awareness social issues and suicide inescapably social issue absolutely against rules times Please understand smart strategic mental health and suicide prevention activism essential fight against stigma misinformation and discrimination and fight research treatment accommodation acceptance and understanding us one way or another mental health activists IRL But activism not work dedicated support space serves vulnerable population used allow but evidence undermining primary purpose became overwhelming regret need rule but need inescapable population well aware issues and causes need support and largely not position take action besides fact activism often salt community wounds waste activists time tl dr fundraising awareness raising petitions calls participation or post because or issue rather request personal support not allowed Please report everything nature you see
2,11b73ta,"""Things will get better"" No, they won't.",SuicideWatch,Actually no one told me would get better time But know phrase person says you depressed anxious and suicidal tendencies among things years you still think everything improve much physical and mental damage you really think everything going get better call me pessimist but no longer believe story know die soon still trying make peace someone tells you suicidal save yourself fairy tales and toxic positivity lines
3,11b2cqz,therapy only teaches me there's no one who can help me,SuicideWatch,therapy years dime and feel worse every time therapist never knows say me good me because stopped trying talk suffering know no one help me but hurts much sometimes not family talk and never open mouth romantic interest because told me unmanly and disgusting show emotions fucked guy whole last year and not tell PTSD went somewhere else panic attack every time and never care me ok least got cat crying day thinking giving away because thing stopping me killing myself and really alone and
4,11b8ti7,"wishing i didn't exist, never came into existence and could erase myself from anyone's memory i was apart of",SuicideWatch,anyone else constant desire not fucking exist like cannot stand fact exist wish not feel like would much easier not exist wish everyone could forget me and fade away cannot stand no point not like alive wish could fade away and forget existed
5,11apcct,I don’t want to work. I didn’t ask to be here. Stop telling me that’s life. Just let me die.,SuicideWatch,Title not dream labour Edit Mods getting comments appear push notifications telling me ways kill myself and click see users either deleted or removed
6,11bbuac,i love the thought of being dead,SuicideWatch,death thing mind every single day cannot wait until days pain tired slave world
7,11b6azo,i want to blow my brains out.,SuicideWatch,title says want fucking kms cannot put anymore everytime life seems worth something fucks knife bed and ready time give
8,11b2n6u,Well this was long overdue. I'm going to catch the bus today.,SuicideWatch,not much left say done ifs and wishes cannot stop caring anxious and scared human nature But yeah thought many things and none worth saying no one listening need place put final words you read thank you cowardly past two weeks since got mental hospital planned killing myself day got but dragging past two weeks Pretending not exist and responsibilities school long and stayed alive would not able finish school year live bunch selfish assholes supposed refer family no friends No support Nobody live No goals No or motivation anything Nothing live struggling alone years time life gotten worse stress anxiety paranoia and anger growing body like mold much me Throughout years and suicidal thoughts always judged myself normal person pov come conclusion not matter going leave terms without stress anxiety or paranoia struggling paranoia long time and really deteriorated sense self But not matter Anyways going drink wine and hope get me relaxed ligature and know heart blood and bones time breathing ghost made many mistakes cannot fix late hope quick Thank you kind me Thank you Eliza hope you able transition and true self lifetime sorry stopped responding and worried you sorry meant well disregarded sorry past self girl Note self wish could spoken wish smarter and kept hobbies alive instead casting away wish could sat school normally like everyone else wish not give illogical and irrational thoughts much wish made memories wish read books written expressed myself personality instead filtering every part myself people not even know wish not paranoia or anxiety and brain functioned like everybody elses wish spent less time convincing myself not care wish nicer grandmother wish kinder ro younger self sorry Gabby you beautiful and you deserve loved you not big you pretty you good person and sorry you get older and world ruin you sorry confidence taken away sorry not stand you sorry belittled you and problems sorry everyone else sorry not get live long enough become better person sorry cut hair sorry sorry sorries sorry wish made descions without fear judgement wish talked and said exactly mind wish anytime someone dismissed me belitted me pitied me angered me made me feel terrible wish spoken myself wish not alone thoughts wish not take death wish someone known felt wish much sorry Goodbye
10,11bc7i9,everyone romanticizes mental illness,SuicideWatch,until learn you quite literally not left bed or washed sheets months accumulated dozens blood stains you cannot brush teeth cannot throw rotting food and you completely made yourself alone pushing everyone else away gross one mentally ill you think want way want fucking die disgusting
11,11ayxyn,How to deal with the daily urge to kill myself.,SuicideWatch,suicidal thoughts since past months even tried ending life twice but failed Also suffering anxiety and depression medical prescription
12,11bd1k1,"Father, hug me...",SuicideWatch,Please not hit me not call me worthless not say lazy not get angry me not wanting get bed not force me lie psychiatrist me stop taking meds not call me autistic not please father hug me
13,11bbm8z,i’m sick of life,SuicideWatch,nothing ever goes right me and tired fighting mind every single day want something go right without falling apart next day miss happy and still passion seems like life everyday and gets worse and exhausted
14,11b90qb,I’m so so so fucking angry that I have to live,SuicideWatch,makes me fucking mad expected wake every day and pretend actually want Zoom call little fucking psychiatrist little fucking iphone and pretend want get better prescribe me little fucking pills not ANYTHING HATE LIFE WANT cannot stop imagining joy and relief would feel slipping unconsciousness knowing never worry anything ever want bad going stare ceiling and fantasize
15,11b8xta,I’m done,SuicideWatch,long shit job dealing ridiculously corrupt system life complete and utter shit and society nothing live No fucking reason try anything going fucking kill myself and end misery shit filled existence Fuck everything Fuck everyone hope nuke war ends entire shitty planet Humans you fucking retarded POS
16,11bdy0c,I give myself 30 days,SuicideWatch,Everything overwhelming not feel fit version life miss tutorial basic needs seem intangible feel privileged and selfish even thoughts give myself days figure
18,11bdm32,I suck lmao,SuicideWatch,Sh shit ton today slapped and punched myself until bleed and still cannot enough courage end myself mean attempted and none successful cuz def not worst Someone murder me plz you savior
19,11bbvwh,i dont know what to do anymore,SuicideWatch,tired breathing trying get better but honest common me not going pit not deeper soon enough never ending tired fighting something never happen
20,11bdhtl,i cant even go through and commit,SuicideWatch,drank bottle dxm hour ago and took tons dph made myself throw pills guilt got insane appreciate life love everythitn really pretty but still want die myself really not like myself
21,11bd2k0,I decided id go here for a last resort. If your seeing this this is my last resort before i do.,SuicideWatch,one failed attempt already mom chose animals me theese days seem long and repetitive no matter trying get therapist but course need mothers consent tired Tonight got inna big fight friends and held knife wrists need outlet right and thought would last resort
22,11bcncc,Feeling mentally paralized,SuicideWatch,Lots things happend and breaking right and got no one talk sex porn gambling addict miscarried weeks ago and think done something not know breathing heavenly past minute and not know whether use scissor cut hair or slit throat Times ticking and me and not know not want feel like anymore
23,11bcmqy,33(m) suicidal virgin,SuicideWatch,not think handle anymore years afraid talk women years distractions not work anymore thought paying but experience think time passed feel like anything going late
24,11baib3,"Goodbye, Cruel World.",SuicideWatch,survival fittest one unfit made peace long everyone
25,11bagcw,having kids,SuicideWatch,you age people kids let us say mid late you ever wonder fuck people bring innocent souls world love children but days see parents kids like mf selfish dad mom you not know children future you playing gamble makes me sad and reminds me childhood chilfree many reasons including one but anyone not necessarily childree feels way
26,11avck8,there is no such thing as a soulmate.,SuicideWatch,boring humans no thing soulmate
27,11b8j3t,I've wanted to sudoku ever since I found out there's no god,SuicideWatch,realized probably no god and miss thinking kind gave shit life but upon finding not struggled justify myself continue living obligated continue because not mom sad but like not living held hostage body not want lol place cold and uncaring wish kind sky fairy or spaghetti monster plot device deus ex machina problems away
28,11b32jb,I want to kill myself but it feels weird,SuicideWatch,Right and live Toronto Canada live Mom because parents not like and result live separate houses Growing Dad abused me physically and mentally constantly and never things you supposed child me older decide want live live Mom cries lot and breaks almost daily yelling me barely attend school really started recently around start new semester think month ago and spare time play video games not happy but not sad either feel blank even mom cries or someone dies family happened fair lot dogs die though cannot feel sympathetic or cry far younger elementary school happy went private school and friends everyone grade and grade lot stuff friends outside school and still enjoyed many things no friends find joy nothing and stay room many things would like say but feel either inappropriate or tedious But reason not really care me seems like people commit suicide because sad not feel like worth suffering continue living but me suicide seems like better decision not really sad and not feel like suffering seems like dead would better Suicide also me not feel like big thing like many people instantly try convince you life worth living or tell therapist sent ward but really not see suicide bad and horribly overexaggerated me seems like suicide would better not suffering or extremely sad but still think suicide better living and not year old bad job wishing death but not actually suicidal type way
31,11b9nen,So this is it,SuicideWatch,life ends like lost kids house job girlfriends literally nothing left posting hopes someone reads and acknowledges gone truly loved and fucked scared but already bleeding badly love you
32,11b4f79,"man, fuck this",SuicideWatch,tired suffering cannot take anymore drowning myself nearby lake
33,11b6kfg,Struggling with extreme anxiety,SuicideWatch,not currently ideating but obsessive thoughts control Someone please pray me feel like getting really Ill
34,11bbbby,Mom of 2 with no support - suicide is the only way out for me,SuicideWatch,single mom first years no family support full custody know hard hopeless lonely and living every month not making ends meet and always exhausted younger and hope and one kid never knew kind sweet man came life and made better and fun would turn abusive alcoholic slammed me walls and criticized everything me kids Covid aware because higher risk socially options limited poverty and loneliness scare me Suicide option me cannot another decade especially dream comfortable life someone loved me grew severe abuse taken away work situation awful no relatives care dad dying no support son toddler but cannot raise because cup empty need leave world
35,11b7otm,"I'm a complete waste of life, when I finish myself nobody will care",SuicideWatch,missed milestones done nothing life never kind High School moment never get experience going school dance sadly way past party years life and never really even dipped toe never whole young love thing never backpack accross anything hell probably missed chance international travel turned Europe semester HS nearly and fucking nobody ready die Edit whoever sent me resources line fuck Got unwelcome fine
36,11b970d,a cope for suicide?,SuicideWatch,cannot stop thinking someone cannot ever see love person but not know ever together want hang myself soon because keep thinking and idea live life without hurts cannot empty head thoughts think OCD but not think torment could horrible not something thoughts fast going end life soon anyone know distract heartbreak tried methods distraction like watching movies playing games reading books going long walks exercising but always end thinking person things considered alcohol or drugs feel numb small reasons live not done yet but feel like small things completely overshadowed person thing works physical pain self harm etc but quite temporary
37,11b7lgo,i feel so hopeless,SuicideWatch,feel like no matter or hard try always unhappy no matter happy life always end feeling unshakable despair lingers much longer want end but cannot friends and family not want manage sadness though and happy times randomly dispersed periods infinite sadness
38,11bdhvj,Therapy is worthless for me,SuicideWatch,cannot honest therapist suicidal thoughts because fear going lock me mental ward and would rather die spend single day claustrophobic and me small room no windows tied bed literal hell me instead lie and tell everything fine and pills working and soooo happy
39,11baz85,I wanna hurt myself,SuicideWatch,teen feels lonely tried kill myself couple months ago but failed struggle everyday get bed and feel like nobody realizes every time talk parents killing myself guilt trip me constantly think no girlfriend and makes me feel lonely not even like someone interested me noting
41,11basae,Please help me,SuicideWatch,cannot handle lonely cold winter Friday nights cannot cannot cannot worked overtime cuz two alcoholic beverages and not enough tried reaching intimacy but no guys interested also ran emotional supports reach love family but also kind suck crying hours and knows much longer want unexist Please not care small help need help take tool Edit NOT access chat
42,11balh2,I’m suicidal and shit but I wouldn’t mind a hug idk…maybe that person could crush me to death too lol,SuicideWatch,insane
43,11bd1qs,I think I’m beyond surviving,SuicideWatch,anxious and depressed whole life but not know last year and one really made me like different person and started last year getting work college would dreading whole life never point not worried future bottled scared child Work made me realise stuck like jobs like forever basically not like job would make me feel less scared either Skip end year no longer working and living home like always nothing but high and miserable found closets friend never cared me and think part me really died losing And honest without would rather gone anyway since loved much everything me and pulled along not think identity anymore not happy myself or Family drama and parents falling loving and absolutely nothing sat room waiting die thought losing makes me cry second think and cannot continue day or even week imagining gone scared alone world still feel like scared kid wants cry mum getting worse and worse mentally everyday and scared one day going die accident let alone purpose destroying myself self medicating cannot even keep track emotions anymore shift much hate body wish and imagine world born girl because least would actually love myself and feel like beautiful feel like autopilot body not me and losing much life kept telling myself keep going cannot fight anymore Nothing future good me terrifying and sad seems impossible someone like me feels like not know anything really hope one day not wake thought freeing terrified make life want love
44,11bcrl9,Probably need to go for it,SuicideWatch,Shit getting bad and not know anymore not things need take care mental health issues everything falling apart
46,11bc4x4,I’m so tired,SuicideWatch,really hard day today Actually hard week thought handling ok but lying bed crying quietly fianc not hear me not want comfort tired Tired hurting physically and mentally tired feeling not deserve anything good somehow bad and taint everything around me Tired killing self prove deserved major promotion work never taking breaks working free boss thinks every single thing shit without ever ever talking me today told me demoting me because something misunderstood boss sent previous owner current job psych ward suicidal ideation tired keep going keep moving forward but days like today feel insurmountable
47,11axklv,today is the day,SuicideWatch,Going hang myself
48,11b1x43,Life is over,SuicideWatch,need stop backing killing myself and need keep telling myself everything better me die eternal peace
49,11b3w5z,"I have a job interview Thursday, if I don't get it I'm out",SuicideWatch,you spew bullshit bootstrap mentality and jOb JoBbbb Bullshit kindly fuck
50,11bbeaw,Is my suicide fantasy too out of reach?,SuicideWatch,lot fantasies want die However one specifically eating me months completely unattainable though fantasize want lose mind want meet someone grant me final wish freedom But not simple wish could lose myself devotion towards like god feel true salvation dying hands want strangled intimate But fact strangling keeps blurring not matter though quick summary know sounds impossible but cannot help count suicide fantasy though not know
51,11bbdm4,I don't know,SuicideWatch,struggled suicidal thoughts life surprised made far But losing and getting worn think know endgame going really alone Truly alone Today apartment and thought kill myself no one would find me several days And not know feel Weird guess struggling not even know really posting and not know hoping but something got give cannot keep much hurting soul Anyway sorry
52,11b8iu7,"I am autistic, 14 years old male and I’m at my limit",SuicideWatch,Normally nights like not fall asleep fast enough and turn crying until fall asleep making me happy crazy but happiness get day Around September December last year really wanted end life and extremely close class one day and kept saying myself head get home going try overdose and kept saying and something came got home not end January year lot happier and started enjoying life but sudden February past weeks feeling extremely depressed sad unhappy completely honest not slightly happy weeks and thinking never feel happy lost joy and interest things like like gaming and reading manga feels empty sick life and really cannot take anymore stabbing chest pain heart calling and asking me fucking take life
53,11bb3p6,Ive lost everything that matters. I can't convince myself to keep going.,SuicideWatch,not want kill myself but feel like lost everything and want move feel like already dead but cannot find looking want see find looking side even not exist
55,11b1kul,i cant handle the slighest thing,SuicideWatch,know useless cannot even handle online school and many issues and cost much medically and shit want die stop burden and leach parents mom basically said would better dead saying much trouble because and much drain and depressing around and fall help me problems and true able handle shit everyone else But not able literally cannot handle shit everyone else talked therapist school feeling impossible first place not feel peace myself cannot look mirror and think oh ok character dramatic but not want anyone feel bad me mom thinks thinks attention seeking cannot handle emotions get help someone else cannot keep bottled even try saw another post relate and like not even choose cannot choose not fucking leach and KNOW every way possible and unable stuff everyone else able cannot end and parents kick me sensitive person but not dramatic brain keeps telling me feeling things though not lie and not attention seeking feeling things tw descriptions want suffocate stove or head hit concrete apartment building or jump bridge or front train want someone meet me and agree murdering me want badly like someone break house and kill me would not called selfish not want leach making parents life hell and know solution super easy but not work me really cannot solution
56,11baqvk,genuinely considering suicide even though i should theoretically be getting better,SuicideWatch,basically title says year old college freshman art school got every school applied and not hate trans and testosterone and top surgery also boyfriend and love much stuff made me happier but not even started going therapy but either not help or makes worse today therapist basically said give trying find job wanting one and applying months because want get apartment boyfriend even because still lives family and not like much real goal myself and need give not give everything school not care one student disappears mom friends and boyfriend cope and move and not really want alive anymore not see big deal anyways boyfriend wants me get meds but process intimidates me much besides think done nearly everything possible better myself and nothing come think maybe not made alive long
58,11bahiw,lost,SuicideWatch,point not know recently lost child weeks and gave birth via c section purpose live know not smart put energy and faith someone you not met but regardless gave me purpose not blow brains boyfriend and siblings reason stay earth but sons death feel like different planet like completely different person numb existence day day basis feel like something reckless myself and scared start therapy because feel like lock me treatment honest loose job house and god forbid whatever else lost
59,11b0nsz,How to get rid of thoughts of killing myself or anyone?,SuicideWatch,not know but today experiencing intrusive thoughts suicide or harming myself or near me feel like wronged and take matters hand and end everything but voice tells me not seriously considering self harm
60,11atbs4,My mom abused me my whole childhood. I don’t think I’ll ever heal. I want to end it all.,SuicideWatch,little backstory father left baby and always resented me barley think good memories chaos turmoil and hating me ended meeting another guy and children got much worse anybody says anything poverty mom always well financially things deal living controlled every part life Limited shower use Would let me bathe min came and turned shower soap hair still told not need shower every day ex boyfriend dog allergic and got bad asthma toddler go hospital kept allowing dog come because wanted company and could not leave dog home Never bought me personal care items Tampons Bras soap deodorant ect grandma get me And said always spoiled me Made me sleep and eat floor years perfectly good bed Locked away food closets days eat croutons or bread would get trouble since would get toddler brother tell me sneaking food Told me details sex life starting ages Told me slept men danced naked mirror shaking boobs left porn computer told me dick sizes saw nudes ect not sleep bedroom floor made us sleep bed still siblings and oldest yo boy made me clean vomit child and sick asthma attack middle night and told me call ambulance myself not want bothered Let me strep throat multiple times without taking me doctor made me wake middle school nights feed babies change diapers clean vomit give baths allergy mayo toddler made me throw ate punishment took mayo and shoved face until threw Happened times Let me rabbit Christmas decided messy put dark laundry room no light or windows And took lamp stayed darkness years Would not let me take cage and not give me money buy supplies and food beg grandma killed or gave away pet due neglect scared dark aliens deamons ect would throw me hallway lock door threatened unscrew lightbulbs and say coming get me and little brother us screamed and cried Knew sexually assaulted year old music teacher and not report told leave me alone Forced me abortion brainwashed and not know rights since no idea heal feel broken Angry Sometimes wonder bad always believed because bad child destroyed me And never admitted
61,11b9ukq,I'm always tired no matter how long I sleep. I'm ready to die now. It's only a matter of time.,SuicideWatch,Suicide always mind could always kill myself get away mess could also run away not want hurt others or steal others not option ready kill myself but not suicide note feel still hope like lit candle falling ocean and fire coping but not long left till hit water going go insane not kill myself
62,11be079,I am planning on killing myself monday,SuicideWatch,cannot sleep eat or focus anything emotion feel regret life become little bit afraid stopped believing God couple years ago not know happens afraid leave mess behind family see wish could die accident or something family not left thought anything not think cut time period not believe anything no purpose life want feel happy like kid disappointed become and hide family and friends deleted social media and not talk anyone anymore want remember me way wish way death could prove still man But thought slitting wrists hurts think not want messy family but cannot think way make sure works not sure ill eat last meal kindof excited go something changes me not felt like myself years not know anymore cannot look people eye dress black baggy clothes hoping people not look me always wanted father but seems and away everyday completely alone not feel successful enough talk friends and family cannot imagine alive years cannot imagine myself meeting someone buying house and family seems impossible barely money job killing me physically not sleep not enough money food lately and lost lbs since december year old male look because weighlbs no desire eat panic attacks exhaustion and collapsed twice doctors say nothings wrong me and fluid couple hours saving money and spent trip greece always wanted see and figured go see felt nothing excitement you feel kid you see christmas tree gone thought maybe id feel way saw greece And felt nothing one told trip boss take time and feel embarrassed wasted last amount money and felt nothing pretend excited really not feel anything family member die last month and emotions extreme highs and lows feel not cry tears not know stopped but cannot remeber last time cried tears cannot remember last hug someone gave me complimented total times life ju jitsu class went time and girl top me choking me got tired and relaxed grip bout second felt like tight hug choked me lol get and leave because face turned red think people thought embarrassed but mostly sad because realized not remember last time someone hugged me Anyways not know talking point rambling figured id post maybe last thing leave cleaned things and thrown away alot appartment pretty empty thought id give one last silent shout oblivion people never going meet or form meaningful relationship EXISTED
63,11bdw1d,The hope of my ex coming back is the only thing keeping me alive.,SuicideWatch,written ex left me months ago went no contact two months and told myself would reach still inclined two months feel broken except worse reached not reply and actually date another guy not mad another guy suppose never date absolute dime and incredible person But thing keeping me suicide hope would get back together and golf love golf pretty obvious not want get back together considering not reply me went local gun store and inquired getting pistol not buy one but found need background check wrote suicide letters and family basically waiting get relationship new guy or reply and tell me never talk Otherwise probably try months and fails inevitably kms girl you cannot bounce back and shame and guilt or ruining relationship much bear crazy thought living last months life not think really comprehend hoping mindset change but everyday and pretty stuck ways not happy alone happy someone else and not meet someone new because emotionally unavailable anyone but not really matter anyone says tried therapy truly different you not find better girl and ruined
64,11b9jli,I want to feel something,SuicideWatch,went volunteering today friends get rid expired sterile water got destructive tools and lot fun breaking boxes and bottled water sucks destroy but could not ship countries since bottles expired Afterwards went eat and and enjoyed great meal feel like happy back would day would feel great time and generally happy Yet still want end hurts me little know people call me friend and yet still desire quit permanently even know make sad get fine but not mean not phase negatively affected selfish action and yet still want want able feel something feel happy something fun or hanging people care want no intrusive thoughts entire minute But think no longer capable think option finish sooner or later
65,11bdtie,i deserve this,SuicideWatch,deserve pain sucha shit person and deserve fucking pain and blow fucking brains ill deserved fucking peace shit no one and deserve alone
66,11bdqjn,"Hi, not so much suicidal but Im at such a low point right now",SuicideWatch,Recently phone busted week and parents called university wellness check right campus getting phone fixed and guess colleges go completely apeshit scenario and went and searched empty dorm find empty beer cans and rolling papers got phone fixed and explained parents not able reach came find friends hysterics thinking killed myself or something talked police Suffice say whole day stressful pulled bottle whine relax Friday and would not you know cops randomly decided come back dorm and knock door already talked cops beforehand and even asked needed anything else me but decided come back and confirm fact called parents thought friend because invited someone drink me immediately open door and get busted would not big deal but got lot trouble last semester getting black drunk and causing scene dorm basically making much noise myself somehow administrators and cops came dorm walls really thin incredibly nervous getting kicked and feel terrible right parents really not worried talked wanting check me not call back week but cops really seemed inflate situation crazy extent closest friends thought disappeared or killed myself talking Ironically whole situation really feel immeasurably bad myself grades well and getting kicked fucked series events something cannot even fathom always sort morbid and self hating but never formally seen psychiatrist but jesus christ contemplating get trying look me but FUCK university cops Takeaway though stop underage drinking innocent may much shit go something not even enjoy much first place
67,11b6fs5,Am I supposed to be enjoying life.,SuicideWatch,Seriously no aspect life enjoyable me mundane labourous shit normal people seriously enjoy grind juggle bills rent fines etc sucks want way and seems way find peace and no obligations suicide
68,11b45vx,it feels weird now,SuicideWatch,suicide ideation always felt kind heavy but loose way But think internalized feel really insane think amount self loathing myself getting me finally not really know convince myself worth tried eat today least not feel real point not know want help people but cannot even feel real um Fuck
69,11atn5b,"Yeah, okay, I'm done",SuicideWatch,done shit nothing ever plays Everyone around happy and or finds someone not matter fuck stay alone take interest someone treat right and anything power make happy and get beaten idiot looks good and treats bad done shit got options right give alcholism try see actually make me happy and not work end
70,11b90uo,I hate everyone,SuicideWatch,everyone els fault miserable would love murder everyone much often fantasies killing everyone hate
71,11aycb0,Crying in the bathroom again,SuicideWatch,Crying bathroom stall mascara running Still like hours work left Fuck life Fuck saying would and disappearing Fuck friends forgetting me Fuck fact need work survive Honestly fuck everything distractions not work anymore Nothing
72,11b5w6p,I'm done,SuicideWatch,fucking done talentless loser fucking idiot hate everything myself see life going absolutely fucking nowhere no freinds no social life because struggle interact people because fucking idiot
73,11b1vgr,I messed everything up in my failure of a life,SuicideWatch,hate life and always hated and keep making worse wish could die finally
74,11az9al,I've got my plan figured out,SuicideWatch,built noose leather belts connected top bedroom door put neck inside barely kneel without neck crushed plan allow myself suffocate until fall unconscious body weight keep me position die shortly world not tolerate people like me anyway and refuse burden family presence not feel like things ever get better and tired people telling me wish not born and long go back born write note tommorow probably and kill myself weekend
75,11bd9ih,adult mental health,SuicideWatch,want get better but not not think meant live long younger could fall back things could least think would different older but worse and go therapist and another person could know much you no longer authority figure trust special ability or safety net and wanted therapist minute but no way could without constantly triggered and traumatising myself Seeing mental health deteriorate and not knowing knowing could avoided changes hindsight but you cannot change past SH last night and contacted helpline and like no new knowledge stop something cope reality live part percent people unsafe themselves reality and not know hope live people and leave but genuinely not want alive
76,11b8rci,That thread has snapped (update),SuicideWatch,okay thank you everyone reached not gone unnoticed not anything got myself hospital see someone soon possible because guess part me still holding tired phone calls appointments responsibilities top things already struggling know meant help but almost like weight added tired and want stop not know going go definitely still unstable but lot things place hopefully get me somewhere knows feel quite impulsive experiencing lowest moods worried without hesitation attempted past similar manner several times not know want hold or want let go confusing overwhelming feeling
77,11bd6fr,Fun things to experience?,SuicideWatch,Hey guys almost positive kill myself couple months might chicken but hope not years old and want know things experience make time worthwhile Thanks advance Oh and add not need anyone talk me edge not currently danger myself or others
78,11b5q7e,Feeling like I reached my goal to help others so I can die now,SuicideWatch,Honestly always felt like not belong life and wanted kill myself longest time but people life guide and take care everyone life track not need me anymore feel like and soon go feel like fulfilled task life really feel like time me go and leave hurtful world behind Funny people like myself born serve and help others kind funny sometimes feel like kind guardian angel lol Anyways feel free said
79,11b0a1q,Im heavily thining about doing it,SuicideWatch,waste organ donor
80,11bd4z7,Fear to move on after a suicide attempt,SuicideWatch,Hi and diagnosed dysthymia year ago but going therapy since kid multiple reasons mainly because father physically and verbally violent towards mom and later me mom let us say difficult also last five years moving dad and mom multiple reasons and since graduated highschool four years ago also breakup around time lost contact friends and extremely difficult stay jobs or classes social life reduced family made life long depression worst and worst till point breakdown around August last year made me suicidal first time much better right specially thanks current therapist issue right although definitely better not intrusive thoughts and start feel bad cope not anedonia and quite enjoy listening music and watching movies example fear moving want social get back work get back college go gym genuine desire but kind big and paralizing fear not quite understood but realised biggest breakdowns afterwards moments starting feel better or really happy last year high school extremely happy but graduation gf broke me and Isolated friends great depression episode not fully recovered till day lot bad stuff happened covid happened but year ago diagnosed and started meds started get better got good job outside family bussiness making friends but one day woke and felt extremely burned felt bad quit job and family situation made things worst point became suicidal and took lot pills around six months ago and feel waaaay better but scared moving couple months made plans get enrolled college or courses start exercising apply jobs but not feel right not feel bad exactly made current state confort zone and scared leaving weeks trying understand makes me feel way but yerterday therapy and realised scared starting feel good taking new stuff because fear relapse and scared suicidal feel like not control mind dominated horrific intrusive thoughts enormous and paralyzing fear moving Thanks you read point would like know you think and you know situations like
81,11b8nmr,I need help,SuicideWatch,and ruined life first would blame people but come accept everything fault terrible person done bad things count say happend said stupid shit and argued one hard kids and made people hate me month peroid lockdown not get beat or anything but one people used friends hated me and popular and always friends made awkard lot start stupid shit cut arm times and mid way started think brother gay way acted and joke offended anyone sorry time started getting worried gay or bi or something like and seemed stop finding woman attractive till point got drunk first time and started stealing alcohol but light stuff nothing strong became everything became worse started talking someone inside head like say wanted something go well would ocd ritual type shit time everyday still ocd think and mum thinks adhd and trying get me help started point become worried pedophile read stuff online and said self would never act started intrusive thoughts would try ignore little brother two years younger hated and never acted worried gay would sometimes look gay pornography and masturbate seconds see liked or not not pleasure point think searched kids and masturbated seconds came and looked normal porn see pedophile or not and got because not gay thing and test pedo or not not fully and never want ever harm child Everything kept getting worse and worse dad no drink thing two months Christmas started steal stronger alcohol and realise you got lot drunker and would even school nights also stole cigarettes and picked disposable vapes ground and worked would use and months point would ignore intrusive thoughts And one night fell asleep drinking and rum and coke and mum caught me cuz would refilled and left and fallen asleep told not happy and trying get me help Everything started getting worse barerly friends no one hang weekends and ocd got worse and worse and wanted die time and still Fast forward months everything much worse since pissed hard kid not go school anymore done many bad things mum trying hard get me help but no saving me done myself not mentioned everything cuz would long intrusive thoughts way worse vape smoke cigarettes sometimes drink smoke weed ever money buy think might false memory ocd cuz mind changed story kids thing and telling me properly masturbated pictures kids know not but cannot convince myself not always back mind and chance killing myself Because never able justify still probably going kill myself even not because no near one problems fault and sorry family
82,11b8mo1,I wanna die,SuicideWatch,literally app discussion group talking suicide because no one life tell face tears joy use cry pain went numb mixture laughing fact truly nothing and accepting fact probably need die not benefit anyone alone besides work cannot even listen music or look pictures because hate myself much genuinely wish could kms wake and really make sure done Living family made me realize okay without me everyone thought moving somewhere and living nobody life sticking myself but even wasting else time best place me graveyard even fact no one care or cares me probably never see made me want type even folks sorry long read could wrapped faster sh even wasting someone time face tears joy
83,11b5i4e,Just been kicked out of school due to self harm.,SuicideWatch,kicked paramedic school because worried mental health and self harm make me suicidal and want cut but cannot cut because cannot bare see mom and dad cry anymore lost friends class considered family Since borderline personality disorder unstable relationship one friends class idealize but time think hate me and cannot see anymore class and destroying me
84,11bcyfu,posting this here cause I don't want to traumatize my friends so soon,SuicideWatch,research numbers looking bleak statistics suggest never going reach level comfort peers enjoy Let us break Fucked childhood epigentically body remembers bones smaller you shorter you bound get heart disease no degree makes everything well harder absolutely inheritance experts agree generational wealth biggest divider lol mentally ill good luck haha smart Assuming high IQ makes executive function harder you trenches lol And honestly not talented Neither hardworking person not gorgeous not come rich family and everybody already pretty fucked come Somebody enthusiastically said me wow you got three jobs one saddest things heard recent times work three times hard get normalcy Haha not help mentally ill and burnt bone And yeah kind egotistical would rather disappear look like rough growing would rather disappear skimp good things life not whole life always family whether space time money course not really make difference long run reading notes past culminating year given myself deadline pun not intended haha Things get worse seen first hand Might well agency ends feel peace think gives me reassurance surrender helps me sleep night not worry future Not worry look able get name clear go think would pretty obvious Please not worry
85,11b5e6o,i set a date for the day im going to do it,SuicideWatch,decided set date suicide release john wick march next month going cinema friend watch and easier me way and also give self couple weeks ready mentally and physically life done no job no girlfriend alone time room jerking and playing video games like years and cannot take anymore
86,11b34fa,I can’t continue living,SuicideWatch,Today write final memoir sit campus library contemplating whether live life shit show recently cannot get job and cannot get girlfriend Every day ask myself continue living cannot God take life away Every day drive pawn shop and look guns life piece shit know sound like giving but feel told myself not get internship may would kill myself because meant wasted four years life
87,11b8al2,I want to end it all,SuicideWatch,lost friends and not see point living anymore tried everything happy but nothings working
88,11bcsec,No one's here for me. And I've tried.,SuicideWatch,not say old but still teen mom died breast cancer December and dad September watched die watched soul leave body saw dad bleeding head heard mom quick footsteps keep dad blood managed blood still stains doorframe live grandma fat shames me tells me stop depressed anxious and makes fun stutter get anxiety None friends talk me And not pulling away tried much and damn hard talk and carry conversation but not keep talking end talking not bestfriend talk me anymore not care talked everyone room but me good person told me everything and told everything But talks future summer plans new fucking friend meanwhile think ways die tonight hugged me dad funeral and promised always me told times not okay promised promised me friend talks me helps says feelings valid but bestfriend hates and vice versa sister one really keeping me alive cannot imagine losing me cannot imagine holding fianc funeral want hug But across country want hug me tight and say know cry arms want run fingers hair and cry me not living thinking death time Failing classes go therapy but point need every day want crumble
89,11b88ne,im so tired,SuicideWatch,and want kill myself because school terrible days school people make jokes me and throw stuff me beginning feel like life meaningless cried hour restroom due today since horrible friends found new people hang and left me entirely alone temptation sit middle road going home school today hoping car would run me could end miserable life but because coward refrained because not want die even part me wants fail myself and wish support No one ever texts me and wish someone communicate every day want not liked and believe deserving suffering want give because despise and way not others feel sorry me need support or help need Please not think live or much longer
90,11bcja7,wild when even your dreams tell you to jump off a building.,SuicideWatch,Cannot tell dreams nightmares anymore but guess would nightmare common people Probably
91,11bchto,Teeth,SuicideWatch,teeth hurts much want kill myself
92,11bch2u,I want to kill myself.,SuicideWatch,not know say hit roadblock and not know things ever get better because problems
93,11b7vpg,I had a dream last night,SuicideWatch,high school never got high school pulled middle school isolated developed severe agoraphobia therapy going court system But cannot stand adult Seeing myself mirror everything and realizing time passed me never chance angry want hurt everyone and want get revenge angry time and scared isolate myself But dream high school boy like born perfect picturesque thought And woke bawling eyes realizing awake not gender dysphoria age dysphoria And cannot talk without called creep or accused abuse myself survived want teenager want look fourteen rest life and killing myself going closest ever get getting older day and stress trying reconcile and adapt adult life makes me look even older act like cunt say things piss people not get close me not want make friends because age Or older never got teenage friends teenager got locked room years And cannot shit fucking creepy not want fucking creepy but Every free time get maladaptive daydream teenager learn lucid dream but sometimes happens accidentally much horror wake hit me hard morning cannot anything ask start testosterone and look like wrinkly hairy old ugly fuck not want anyone old want go back want another chance want young feel like giving job not even know like play used care leaving something behind clean and tidy and angry angry world adults made complacent not think amount therapy could get me accept fucking old and ugly look eye circles and smile lines post pubescent ever acceptable not want people think responsibilities not want people think sexual want people see feels like immature lazy man child feels like you covered fucking poison ivy every move you make tits like fucking cow udders Droopy old ass tits make me want kill myself Magically becoming adult man not going take away lost tired acting like transitioning ever going help want teenager And want look like one want treated like one But dream silly and funny and took selfies And friends Imagine and next day accepted office environment funny creepy inside guess fucking jealous want look like you want friend And want go school And makes me hate everyone and everything and especially myself And become asshole no one miss me anyway leave brains splattered someone wall would see closest thing felt like living
94,11b4oy8,void,SuicideWatch,feel empty want feel something nothing brings me joy anymore
95,11bcdb7,There is only a few things in this world keeping me alive,SuicideWatch,F and past years life heavily medicated and intensive therapy cannot remember time not wanted actively die think everyday and past decade younger would always tell me teen hormones and would get better not and not past years learned word things prevent committed and maintain least part list reasons live life constantly watching words and coming reasons live Lately list includes lovely mother would kill herself died mom also severely depressed decades number one reason live me since born mother not deserve grief and pain father would get drunk and drive himself bridge near home ft drop river know because tried baby brother spent lifetime protecting pain closest normal you possibly house full suicidal and depressed people refuse ruin chances normal kid and normal adult student loans coming parents cosigners Everyday repeat list Everyday come reasons live one day Everyday stare sealed bottle tylenol Everyday fight urge mantra life fucking tired living
97,11bcaey,Everything is right!,SuicideWatch,school passion beautiful happy and committed long term relationship look forward marriage and kids loving and supportive family and friend group job and solid year plan But want end and getting worse therapy two years and called thoughts impulsive or anxious know institutionalized not lie But built actual plan and no idea grateful and happy and really but diving nose first no idea
98,11bc9tc,i might be ok at this exact time but at literally any time i know i can be so upset i will off myself,SuicideWatch,scare myself
99,11bc813,my friends keep telling me to hurry up and apply for uni. too bad they don’t know I don’t plan to be here for much longer,SuicideWatch,everything sucks not passions hobbies or interests hate everything give until August but things not get better pulling plug
